{"cameraMode":{"drawMode":0,"name":"Shaded","section":"Shading Mode"},"sceneLighting":true,"audioPlay":false,"sceneViewState":{"showFog":true,"showMaterialUpdate":true,"showSkybox":true,"showFlares":true,"showImageEffects":true,"showParticleSystems":true},"in2DMode":false,"pivot":{"x":9.489850997924805,"y":3.872171401977539,"z":-19.689422607421876},"rotation":{"x":0.006594241131097078,"y":-0.7619693875312805,"z":-0.007768478710204363,"w":-0.6475419998168945},"size":5.340909481048584,"orthographic":false}