{"cameraMode":{"drawMode":0,"name":"Shaded","section":"Shading Mode"},"sceneLighting":false,"audioPlay":false,"sceneViewState":{"showFog":true,"showMaterialUpdate":true,"showSkybox":false,"showFlares":true,"showImageEffects":true,"showParticleSystems":true},"in2DMode":false,"pivot":{"x":4.873321533203125,"y":1.5324509143829346,"z":-6.903224945068359},"rotation":{"x":-0.25499704480171206,"y":0.5920536518096924,"z":-0.20498603582382203,"w":-0.7365032434463501},"size":12.403646469116211,"orthographic":false}