{"cameraMode":{"drawMode":0,"name":"Shaded","section":"Shading Mode"},"sceneLighting":false,"audioPlay":false,"sceneViewState":{"showFog":true,"showMaterialUpdate":false,"showSkybox":false,"showFlares":true,"showImageEffects":true,"showParticleSystems":true},"in2DMode":false,"pivot":{"x":0.0,"y":0.327134370803833,"z":-0.061228036880493167},"rotation":{"x":-0.2809380888938904,"y":0.058111969381570819,"z":-0.01704489439725876,"w":-0.9578137397766113},"size":2.5587151050567629,"orthographic":false}