{"cameraMode":{"drawMode":0,"name":"Shaded","section":"Shading Mode"},"sceneLighting":false,"audioPlay":false,"sceneViewState":{"showFog":true,"showMaterialUpdate":false,"showSkybox":false,"showFlares":true,"showImageEffects":true,"showParticleSystems":true},"in2DMode":false,"pivot":{"x":-5.5484299659729,"y":0.5324509143829346,"z":256.883544921875},"rotation":{"x":-0.09627270698547363,"y":0.8971682190895081,"z":-0.3565833568572998,"w":-0.24222329258918763},"size":12.403647422790528,"orthographic":false}