{"cameraMode":{"drawMode":0,"name":"Shaded","section":"Shading Mode"},"sceneLighting":false,"audioPlay":false,"sceneViewState":{"showFog":true,"showMaterialUpdate":false,"showSkybox":false,"showFlares":true,"showImageEffects":true,"showParticleSystems":true},"in2DMode":false,"pivot":{"x":4.873321533203125,"y":1.5324509143829346,"z":-6.903224945068359},"rotation":{"x":-0.02651834487915039,"y":-0.9341463446617127,"z":0.3487497866153717,"w":-0.07103250175714493},"size":12.403646469116211,"orthographic":false}